"iuid","post_datetime","user_agent","birth_yyyymm","post_code","pref_name","pref_code","city_name","city_code","gender_code","gross_audience","is_optout","media_tag","year","month","day"
"34809315-F995-4615-9E35-A93B461971D7","2019-11-15 07:06:53.000","Mozilla/5.0 (iPhone; CPU iPhone OS 13_1_3 like Mac OS X) AppleWebKit/605.1.15 (KHTML, like Gecko) Mobile/15E148","198412","0010000","北海道","01","札幌市北区","01102","1","1","false","cx-ios","2019","11","15"
"e3b2tgxsjl0719726122","2019-11-15 22:06:09.000","Mozilla/5.0 (Windows NT 10.0; Win64; x64) AppleWebKit/537.36 (KHTML, like Gecko) Chrome/70.0.3538.102 Safari/537.36 Edge/18.18362","197307","0010000","北海道","01","札幌市北区","01102","1","1","false","cx-web","2019","11","15"
"3adj1bp8v3c266124559","2019-11-15 07:20:52.000","Mozilla/5.0 (Windows NT 10.0; Win64; x64) AppleWebKit/537.36 (KHTML, like Gecko) Chrome/78.0.3904.97 Safari/537.36","198804","0010010","北海道","01","札幌市北区","01102","1","1","false","tver-web","2019","11","15"
"5n8zvdecicg872483355","2019-11-15 11:46:25.000","Mozilla/5.0 (Windows NT 10.0; Win64; x64) AppleWebKit/537.36 (KHTML, like Gecko) Chrome/78.0.3904.97 Safari/537.36","197610","0010011","北海道","01","札幌市北区","01102","1","1","false","tver-web","2019","11","15"
"faey6wl6k88814165928","2019-11-15 22:10:22.000","Mozilla/5.0 (Windows NT 10.0) AppleWebKit/537.36 (KHTML, like Gecko) Chrome/51.0.2704.79 Safari/537.36 Edge/14.14393","197908","0010012","北海道","01","札幌市北区","01102","1","1","false","cx-web","2019","11","15"
"0B737F2E-93F5-4A94-844D-47CBBDD605EA","2019-11-15 02:07:23.000","Mozilla/5.0 (iPhone; CPU iPhone OS 13_1_3 like Mac OS X) AppleWebKit/605.1.15 (KHTML, like Gecko) Mobile/15E148 TVer/4.6.0 iOS/13.1.3","200209","0010013","北海道","01","札幌市北区","01102","1","1","false","tver-ios","2019","11","15"
"edb4115f-ce6c-4078-8da3-6c152b96b900","2019-11-15 12:39:51.000","Dalvik/2.1.0 (Linux; U; Android 9; SO-01K Build/47.2.B.5.38)","198206","0010013","北海道","01","札幌市北区","01102","1","1","false","tver-android","2019","11","15"
"2a9dcb6b-4c16-447c-9bbd-8ede97ba926c","2019-11-15 07:22:19.000","Dalvik/2.1.0 (Linux; U; Android 8.1.0; SC-02L Build/M1AJQ)","197511","0010013","北海道","01","札幌市北区","01102","1","1","false","tver-android","2019","11","15"
"f21a99e1-576f-447f-b6da-d61aebb77f3a","2019-11-15 15:30:49.000","Dalvik/2.1.0 (Linux; U; Android 5.1.1; d-02H Build/HUAWEIM2-802LD)","197511","0010013","北海道","01","札幌市北区","01102","1","1","false","tver-android","2019","11","15"
"ee3xy1rs2vlin8852416","2019-11-15 19:07:35.000","Mozilla/5.0 (Windows NT 6.1; Win64; x64) AppleWebKit/537.36 (KHTML, like Gecko) Chrome/78.0.3904.97 Safari/537.36","196503","0010013","北海道","01","札幌市北区","01102","1","1","false","tver-web","2019","11","15"
"5fd1a8c6-59e5-422e-8454-3769aced99b3","2019-11-15 09:06:22.000","Dalvik/2.1.0 (Linux; U; Android 5.1.1; AFTT Build/LVY48F)","199507","0010015","北海道","01","札幌市北区","01102","1","1","false","tver-fireos","2019","11","15"
"41DBBF63-66AC-4CCE-BB56-C4E38292DB92","2019-11-15 08:33:11.000","Mozilla/5.0 (iPad; CPU OS 13_1_3 like Mac OS X) AppleWebKit/605.1.15 (KHTML, like Gecko) Mobile/15E148 TVer/4.6.0 iOS/13.1.3","199403","0010019","北海道","01","札幌市北区","01102","1","1","false","tver-ios","2019","11","15"
"206F2741-C0B4-4ED3-B7BD-ABCF660C7904","2019-11-15 10:03:00.000","Mozilla/5.0 (iPad; CPU OS 12_4_1 like Mac OS X) AppleWebKit/605.1.15 (KHTML, like Gecko) Mobile/15E148 tbsplayer-ios","199409","0010019","北海道","01","札幌市北区","01102","1","1","false","tbs-ios","2019","11","15"
"n60fsdz97ilin8322916","2019-11-15 07:07:48.000","Mozilla/5.0 (Macintosh; Intel Mac OS X 10_15) AppleWebKit/605.1.15 (KHTML, like Gecko) Version/13.0.2 Safari/605.1.15","199202","0010021","北海道","01","札幌市北区","01102","1","1","false","cx-web","2019","11","15"
"m20whebhqfg423151768","2019-11-15 20:46:24.000","Mozilla/5.0 (X11; Linux x86_64; rv:68.0) Gecko/20100101 Firefox/68.0","200002","0010022","北海道","01","札幌市北区","01102","1","1","false","tver-web","2019","11","15"
"d9d0732a-2bf4-4f9e-99dc-4b0a8a4f749a","2019-11-15 20:29:07.000","Dalvik/2.1.0 (Linux; U; Android 9; SCV45 Build/PPR1.180610.011)","197508","0010022","北海道","01","札幌市北区","01102","1","1","false","tver-android","2019","11","15"
"dphr3kofqso248312316","2019-11-15 04:11:46.000","Mozilla/5.0 (Windows NT 6.1; Trident/7.0; rv:11.0) like Gecko","198804","0010022","北海道","01","札幌市北区","01102","1","1","false","tver-web","2019","11","15"
"fbf5f061-0b5a-4731-9e4e-5b80a7f72ab7","2019-11-15 05:26:16.000","Dalvik/2.1.0 (Linux; U; Android 5.1.1; AFTT Build/LVY48F)","199611","0010023","北海道","01","札幌市北区","01102","1","1","false","tver-fireos","2019","11","15"
"e7100afc-76ae-4db4-a2fa-d218104ec67f","2019-11-15 03:48:01.000","Dalvik/2.1.0 (Linux; U; Android 5.1.1; AFTT Build/LVY48F)","198401","0010024","北海道","01","札幌市北区","01102","1","1","false","tver-fireos","2019","11","15"
"kkr8ugjhjog559787218","2019-11-15 04:01:07.000","Mozilla/5.0 (Windows NT 10.0; Win64; x64) AppleWebKit/537.36 (KHTML, like Gecko) Chrome/78.0.3904.97 Safari/537.36","192010","0010024","北海道","01","札幌市北区","01102","1","1","false","ntv-web","2019","11","15"
"61c3122d-773a-41d4-9440-f36f4d19eaa4","2019-11-15 16:37:12.000","Dalvik/2.1.0 (Linux; U; Android 9; L-01L Build/PKQ1.190302.001)","195208","0010026","北海道","01","札幌市北区","01102","1","1","false","tver-android","2019","11","15"
"7c7c9578-ec46-44b5-9657-ba04a7918c74","2019-11-15 08:46:41.000","Dalvik/2.1.0 (Linux; U; Android 7.1.2; AFTN Build/NS6265)","198202","0010034","北海道","01","札幌市北区","01102","1","1","false","tver-fireos","2019","11","15"
"ay98il3kid9936791533","2019-11-15 07:36:07.000","Mozilla/5.0 (Windows NT 6.1; Trident/7.0; rv:11.0) like Gecko","196407","0010035","北海道","01","札幌市北区","01102","1","1","false","tver-web","2019","11","15"
"273qxqd6nl7996297647","2019-11-15 01:14:44.000","Mozilla/5.0 (X11; CrOS x86_64 12607.16.0) AppleWebKit/537.36 (KHTML, like Gecko) Chrome/79.0.3945.24 Safari/537.36","196506","0010901","北海道","01","札幌市北区","01102","1","1","false","tver-web","2019","11","15"
"ec83b56d-9b89-45e4-b1e6-1dd7a80f8831","2019-11-15 08:44:08.000","Dalvik/2.1.0 (Linux; U; Android 9; SC-02L Build/PPR1.180610.011)","196812","0010903","北海道","01","札幌市北区","01102","1","1","false","tver-android","2019","11","15"
"18qr12ibb5r945983692","2019-11-15 10:45:36.000","Mozilla/5.0 (Windows NT 10.0; Win64; x64) AppleWebKit/537.36 (KHTML, like Gecko) Chrome/78.0.3904.97 Safari/537.36","197502","0010904","北海道","01","札幌市北区","01102","1","1","false","cx-web","2019","11","15"
"550c6434-3a3b-4822-b9f7-7ebd3f43c84c","2019-11-15 05:49:50.000","Dalvik/2.1.0 (Linux; U; Android 7.1.1; 602ZT Build/NMF26F)","198605","0010904","北海道","01","札幌市北区","01102","1","1","false","tver-android","2019","11","15"
"d206fc66-c7a6-49f8-a2cd-74503d647453","2019-11-15 04:41:45.000","Dalvik/2.1.0 (Linux; U; Android 9; POT-LX2J Build/HUAWEIPOT-LX2J)","198207","0010905","北海道","01","札幌市北区","01102","1","1","false","tver-android","2019","11","15"
"ED8D0DC4-1083-4D7B-9AF0-E25395088314","2019-11-15 21:48:34.000","Mozilla/5.0 (iPhone; CPU iPhone OS 12_3_1 like Mac OS X) AppleWebKit/605.1.15 (KHTML, like Gecko) Mobile/15E148 TVer/4.6.0 iOS/12.3.1","200008","0010910","北海道","01","札幌市北区","01102","1","1","false","tver-ios","2019","11","15"
"e83p9l62zy8561134759","2019-11-15 04:01:12.000","Mozilla/5.0 (Windows NT 10.0; Win64; x64) AppleWebKit/537.36 (KHTML, like Gecko) Chrome/78.0.3904.97 Safari/537.36","198507","0010911","北海道","01","札幌市北区","01102","1","1","false","cx-web","2019","11","15"
"BF0D96D5-2DC1-420A-B6B9-51BF43B460BF","2019-11-15 05:48:14.000","Mozilla/5.0 (iPad; CPU OS 13_2_2 like Mac OS X) AppleWebKit/605.1.15 (KHTML, like Gecko) Mobile/15E148 TVer/4.6.0 iOS/13.2.2","197108","0010923","北海道","01","札幌市北区","01102","1","1","false","tver-ios","2019","11","15"
"817f8686-28c9-4542-a380-113368973d9d","2019-11-15 14:03:51.000","Dalvik/2.1.0 (Linux; U; Android 8.0.0; BRAVIA 4K UR2 Build/OPR2.170623.027.S63)","196806","0010926","北海道","01","札幌市北区","01102","1","2","false","tver-androidtv","2019","11","15"
"64976e09-dfde-40a1-8fe3-c45330a5a1b0","2019-11-15 19:10:06.000","Dalvik/2.1.0 (Linux; U; Android 9; SC-04L Build/PPR1.180610.011)","196302","0010931","北海道","01","札幌市北区","01102","1","1","false","tver-android","2019","11","15"
"3i4iqvdsnv7339991345","2019-11-15 03:55:43.000","Mozilla/5.0 (Windows NT 6.1; Win64; x64) AppleWebKit/537.36 (KHTML, like Gecko) Chrome/78.0.3904.97 Safari/537.36","195503","0010932","北海道","01","札幌市北区","01102","1","1","false","ex-web","2019","11","15"
"e1oxwbeel9w634916758","2019-11-15 03:53:40.000","Mozilla/5.0 (Windows NT 6.1; WOW64; Trident/7.0; rv:11.0) like Gecko","195503","0010932","北海道","01","札幌市北区","01102","1","1","false","ex-web","2019","11","15"
"94DCAE3D-2697-47DB-BB6F-B467BF253EA8","2019-11-15 06:52:51.000","Mozilla/5.0 (iPhone; CPU iPhone OS 13_2 like Mac OS X) AppleWebKit/605.1.15 (KHTML, like Gecko) Mobile/15E148 TVer/4.6.0 iOS/13.2","200211","0020858","北海道","01","札幌市北区","01102","1","1","false","tver-ios","2019","11","15"
"73010ffd-6483-467e-aed2-7c050b521b93","2019-11-15 09:34:43.000","Dalvik/2.1.0 (Linux; U; Android 9; SO-01K Build/47.2.B.5.38)","198305","0020865","北海道","01","札幌市北区","01102","1","1","false","tver-android","2019","11","15"
"1dbbe66c-d798-4288-ade6-6d3b76c61d0c","2019-11-15 01:21:23.000","Dalvik/2.1.0 (Linux; U; Android 8.0.0; BRAVIA 4K UR2 Build/OPR2.170623.027.S63)","196112","0028021","北海道","01","札幌市北区","01102","1","2","false","tver-androidtv","2019","11","15"
"m6vav2sffi0328184718","2019-11-15 22:31:18.000","Mozilla/5.0 (Windows NT 10.0; Win64; x64) AppleWebKit/537.36 (KHTML, like Gecko) Chrome/78.0.3904.97 Safari/537.36","199406","0028027","北海道","01","札幌市北区","01102","1","1","false","cx-web","2019","11","15"
"omyxp8d1up5243751362","2019-11-15 07:05:35.000","Mozilla/5.0 (Windows NT 10.0; Win64; x64) AppleWebKit/537.36 (KHTML, like Gecko) Chrome/78.0.3904.97 Safari/537.36","200203","0028062","北海道","01","札幌市北区","01102","1","1","false","ytv-web","2019","11","15"
"goy4gi4jml0224819339","2019-11-15 07:30:16.000","Mozilla/5.0 (Windows NT 6.1; WOW64; Trident/7.0; rv:11.0) like Gecko","199203","0028068","北海道","01","札幌市北区","01102","1","1","false","cx-web","2019","11","15"
"62D534E5-B38D-47A6-9478-CB805858AEDF","2019-11-15 07:14:07.000","Mozilla/5.0 (iPhone; CPU iPhone OS 13_2 like Mac OS X) AppleWebKit/605.1.15 (KHTML, like Gecko) Mobile/15E148 TVer/4.6.0 iOS/13.2","199909","0028073","北海道","01","札幌市北区","01102","1","1","false","tver-ios","2019","11","15"
"95bda0b5-bc78-4558-b808-efc281e4d201","2019-11-15 05:34:27.000","Dalvik/2.1.0 (Linux; U; Android 8.0.0; SO-03K Build/51.1.B.8.4)","199010","0030001","北海道","01","札幌市白石区","01104","1","1","false","tver-android","2019","11","15"
"pujzh9k8mvg824413124","2019-11-15 03:19:10.000","Mozilla/5.0 (Windows NT 10.0; Win64; x64) AppleWebKit/537.36 (KHTML, like Gecko) Chrome/78.0.3904.97 Safari/537.36","198601","0030001","北海道","01","札幌市白石区","01104","1","1","false","cx-web","2019","11","15"
"5fcc7e40-70af-4d11-81ba-299f14e44c1d","2019-11-15 09:08:21.000","Dalvik/2.1.0 (Linux; U; Android 9; X2-HT Build/PPR1.180610.011)","198511","0030004","北海道","01","札幌市白石区","01104","1","1","false","tver-android","2019","11","15"
"c1qt8sqstcg617416931","2019-11-15 20:51:31.000","Mozilla/5.0 (Windows NT 10.0; Win64; x64) AppleWebKit/537.36 (KHTML, like Gecko) Chrome/78.0.3904.97 Safari/537.36","196312","0030004","北海道","01","札幌市白石区","01104","1","1","false","cx-web","2019","11","15"
"jnz7tkdgnf8235626345","2019-11-15 07:09:34.000","Mozilla/5.0 (Windows NT 10.0; Win64; x64) AppleWebKit/537.36 (KHTML, like Gecko) Chrome/70.0.3538.102 Safari/537.36 Edge/18.18362","198302","0030005","北海道","01","札幌市白石区","01104","1","1","false","ytv-web","2019","11","15"
"34d4cf34-4e7f-4562-80ce-1e4d93af1ca0","2019-11-15 08:43:21.000","Dalvik/2.1.0 (Linux; U; Android 9; 704HW Build/HUAWEI704HW)","197710","0030006","北海道","01","札幌市白石区","01104","1","1","false","tver-android","2019","11","15"
"c1in7lbhqy0717815471","2019-11-15 06:32:46.000","Mozilla/5.0 (Windows NT 10.0; Win64; x64) AppleWebKit/537.36 (KHTML, like Gecko) Chrome/78.0.3904.97 Safari/537.36","197304","0030006","北海道","01","札幌市白石区","01104","1","1","false","cx-web","2019","11","15"
"h9ldppwikg8622963194","2019-11-15 18:22:19.000","Mozilla/5.0 (Windows NT 10.0) AppleWebKit/537.36 (KHTML, like Gecko) Chrome/70.0.3538.102 Safari/537.36 Edge/18.18362","194905","0030021","北海道","01","札幌市白石区","01104","1","1","false","tver-web","2019","11","15"
"na5zr5zv240789855789","2019-11-15 23:22:36.000","Mozilla/5.0 (Windows NT 10.0) AppleWebKit/537.36 (KHTML, like Gecko) Chrome/70.0.3538.102 Safari/537.36 Edge/18.18363","194905","0030021","北海道","01","札幌市白石区","01104","1","1","false","cx-web","2019","11","15"
"C8EF289F-2752-4F52-84CB-EF220E805649","2019-11-15 22:03:38.000","Mozilla/5.0 (iPad; CPU OS 13_1_3 like Mac OS X) AppleWebKit/605.1.15 (KHTML, like Gecko) Mobile/15E148","197109","0030021","北海道","01","札幌市白石区","01104","1","1","false","tx-ios","2019","11","15"
"95g9x8cw1r0442127478","2019-11-15 04:54:53.000","Mozilla/5.0 (Windows NT 10.0; Win64; x64) AppleWebKit/537.36 (KHTML, like Gecko) Chrome/78.0.3904.97 Safari/537.36","198305","0030021","北海道","01","札幌市白石区","01104","1","1","false","cx-web","2019","11","15"
"b8ac2c7d-46c6-4d31-8f2f-dde460309c70","2019-11-15 10:37:19.000","Dalvik/2.1.0 (Linux; U; Android 8.0.0; BRAVIA 4K UR2 Build/OPR2.170623.027.S63)","197305","0030021","北海道","01","札幌市白石区","01104","1","1","false","tver-androidtv","2019","11","15"
"c3bwdtwee6g181251979","2019-11-15 21:13:07.000","Mozilla/5.0 (Windows NT 10.0; Win64; x64; rv:65.0) Gecko/20100101 Firefox/65.0","199909","0030022","北海道","01","札幌市白石区","01104","1","1","false","tver-web","2019","11","15"
"e32c0be8-a2a0-40da-b16b-c87db04bcaa1","2019-11-15 04:12:21.000","Dalvik/2.1.0 (Linux; U; Android 5.1.1; AFTT Build/LVY48F)","197309","0030022","北海道","01","札幌市白石区","01104","1","1","false","tver-fireos","2019","11","15"
"1nex2cjrhqx392596286","2019-11-15 06:43:18.000","Mozilla/5.0 (Windows NT 10.0; Win64; x64) AppleWebKit/537.36 (KHTML, like Gecko) Chrome/70.0.3538.102 Safari/537.36 Edge/18.18362","199404","0030023","北海道","01","札幌市白石区","01104","1","1","false","tver-web","2019","11","15"
"0a30c463-20bc-48be-b58e-c5a3b79ad12f","2019-11-15 03:28:16.000","Dalvik/2.1.0 (Linux; U; Android 5.1.1; AFTT Build/LVY48F)","199302","0030024","北海道","01","札幌市白石区","01104","1","2","false","tver-fireos","2019","11","15"
"F82DCAEC-2E45-4C6E-85B9-D9D83CC712B1","2019-11-15 06:40:39.000","Mozilla/5.0 (iPhone; CPU iPhone OS 13_0 like Mac OS X) AppleWebKit/605.1.15 (KHTML, like Gecko) Mobile/15E148 TVer/4.6.0 iOS/13.0","198606","0030025","北海道","01","札幌市白石区","01104","1","1","false","tver-ios","2019","11","15"
"jr7hja2htd0767791385","2019-11-15 11:33:49.000","Mozilla/5.0 (Macintosh; Intel Mac OS X 10_12_6) AppleWebKit/605.1.15 (KHTML, like Gecko) Version/12.1.2 Safari/605.1.15","195301","0030026","北海道","01","札幌市白石区","01104","1","1","false","cx-web","2019","11","15"
"9d28z6my1a4678169239","2019-11-15 11:33:49.000","Mozilla/5.0 (Macintosh; Intel Mac OS X 10_12_6) AppleWebKit/605.1.15 (KHTML, like Gecko) Version/12.1.2 Safari/605.1.15","195301","0030026","北海道","01","札幌市白石区","01104","1","1","false","cx-web","2019","11","15"
"2ede6dff-8830-4e33-8763-bb061c398b87","2019-11-15 07:59:34.000","Dalvik/2.1.0 (Linux; U; Android 9; SM-G975F Build/PPR1.180610.011)","200006","0030026","北海道","01","札幌市白石区","01104","1","1","false","tver-android","2019","11","15"
"5cb4b7ad-9587-4cc7-ae57-d97d87e7b4a0","2019-11-15 01:38:31.000","Dalvik/2.1.0 (Linux; U; Android 5.1.1; HWT31 Build/Federer)","198601","0030027","北海道","01","札幌市白石区","01104","1","1","false","tver-android","2019","11","15"
"ec8kuxa06gg554925258","2019-11-15 04:25:51.000","Mozilla/5.0 (Windows NT 10.0; Win64; x64) AppleWebKit/537.36 (KHTML, like Gecko) Chrome/78.0.3904.97 Safari/537.36","195901","0030028","北海道","01","札幌市白石区","01104","1","1","false","ntv-web","2019","11","15"
"2AE51700-BE4B-43B8-BD0A-7BB7DD1762B2","2019-11-15 05:19:45.000","Mozilla/5.0 (iPad; CPU OS 13_1_3 like Mac OS X) AppleWebKit/605.1.15 (KHTML, like Gecko) Mobile/15E148 TVer/4.6.0 iOS/13.1.3","197210","0030028","北海道","01","札幌市白石区","01104","1","1","false","tver-ios","2019","11","15"
"A95511B2-3441-41E8-9D64-DC805AB0F396","2019-11-15 01:17:43.000","Mozilla/5.0 (iPad; CPU OS 13_1_3 like Mac OS X) AppleWebKit/605.1.15 (KHTML, like Gecko) Mobile/15E148","198203","0030029","北海道","01","札幌市白石区","01104","1","1","false","cx-ios","2019","11","15"
"608tm59dyi6582465885","2019-11-15 09:16:37.000","Mozilla/5.0 (Windows NT 6.1; Win64; x64) AppleWebKit/537.36 (KHTML, like Gecko) Chrome/78.0.3904.97 Safari/537.36","196303","0030029","北海道","01","札幌市白石区","01104","1","1","false","tver-web","2019","11","15"
"a0e04c03-6b62-454f-83e0-e3436e53f0cb","2019-11-15 01:20:50.000","Dalvik/2.1.0 (Linux; U; Android 9; Pixel 3a Build/PD2A.190115.029)","200711","0030029","北海道","01","札幌市白石区","01104","1","1","false","tver-android","2019","11","15"
"khtl2eboo50421395259","2019-11-15 22:39:47.000","Mozilla/5.0 (Windows NT 10.0; Win64; x64) AppleWebKit/537.36 (KHTML, like Gecko) Chrome/78.0.3904.97 Safari/537.36","196407","0030029","北海道","01","札幌市白石区","01104","1","1","false","cx-web","2019","11","15"
"bloowj2u3f8864736816","2019-11-15 00:22:32.000","Mozilla/5.0 (Windows NT 10.0; WOW64; Trident/7.0; rv:11.0) like Gecko","196203","0030030","北海道","01","札幌市白石区","01104","1","1","false","tver-web","2019","11","15"
"fd1f798b-80f4-484a-a546-5fa655522c0a","2019-11-15 09:51:46.000","Dalvik/2.1.0 (Linux; U; Android 5.1.1; AFTT Build/LVY48F)","197507","0030802","北海道","01","札幌市白石区","01104","1","1","false","tver-fireos","2019","11","15"
"mtl3hlb4on0137417721","2019-11-15 05:44:38.000","Mozilla/5.0 (Macintosh; Intel Mac OS X 10_10_5) AppleWebKit/603.3.8 (KHTML, like Gecko) Version/10.1.2 Safari/603.3.8","198504","0030803","北海道","01","札幌市白石区","01104","1","1","false","cx-web","2019","11","15"
"fuczvnuf678716197394","2019-11-15 19:26:14.000","Mozilla/5.0 (Windows NT 10.0; Win64; x64; rv:70.0) Gecko/20100101 Firefox/70.0","197110","0030804","北海道","01","札幌市白石区","01104","1","1","false","cx-web","2019","11","15"
"gsyohtx7b20222434397","2019-11-15 09:44:16.000","Mozilla/5.0 (Nintendo WiiU) AppleWebKit/536.30 (KHTML, like Gecko) NX/3.0.4.2.13 NintendoBrowser/4.3.2.11274.JP","197104","0030807","北海道","01","札幌市白石区","01104","1","1","false","cx-web","2019","11","15"
"pa069ctb1f0664368398","2019-11-15 09:26:12.000","Mozilla/5.0 (Nintendo WiiU) AppleWebKit/536.30 (KHTML, like Gecko) NX/3.0.4.2.13 NintendoBrowser/4.3.2.11274.JP","197104","0030807","北海道","01","札幌市白石区","01104","1","1","false","tver-web","2019","11","15"
"961v6we8nu0773853626","2019-11-15 09:25:33.000","Mozilla/5.0 (Nintendo WiiU) AppleWebKit/536.30 (KHTML, like Gecko) NX/3.0.4.2.13 NintendoBrowser/4.3.2.11274.JP","197104","0030807","北海道","01","札幌市白石区","01104","1","1","false","cx-web","2019","11","15"
"E5F11F8C-E8CE-4BB0-BCA7-D1FBF547A900","2019-11-15 21:55:35.000","Mozilla/5.0 (iPhone; CPU iPhone OS 13_2 like Mac OS X) AppleWebKit/605.1.15 (KHTML, like Gecko) Mobile/15E148","196310","0030809","北海道","01","札幌市白石区","01104","1","1","false","cx-ios","2019","11","15"
"7478b422-bbff-4cf5-b008-13334cf09605","2019-11-15 05:55:27.000","WebViewUserAgent","196706","0030811","北海道","01","札幌市白石区","01104","1","1","false","ntv-android","2019","11","15"
"a43730d4-be64-400f-b3f5-aae64ddfb127","2019-11-15 09:26:20.000","Dalvik/2.1.0 (Linux; U; Android 9; Phone 2 Build/P-MR0-RC014-RZR-190220)","199805","0030823","北海道","01","札幌市白石区","01104","1","1","false","tver-android","2019","11","15"
"F2C598C9-F6CB-47C6-AF19-692A9C8E6B7D","2019-11-15 09:20:30.000","Mozilla/5.0 (iPad; CPU OS 13_1_2 like Mac OS X) AppleWebKit/605.1.15 (KHTML, like Gecko) Mobile/15E148 TVer/4.6.0 iOS/13.1.2","198012","0030825","北海道","01","札幌市白石区","01104","1","1","false","tver-ios","2019","11","15"
"3bbit6d6jxg977659237","2019-11-15 03:12:43.000","Mozilla/5.0 (Windows NT 10.0; WOW64; Trident/7.0; rv:11.0) like Gecko","196208","0030826","北海道","01","札幌市白石区","01104","1","1","false","tver-web","2019","11","15"
"51o68egt8f7942774148","2019-11-15 07:39:36.000","Mozilla/5.0 (Windows NT 10.0; Win64; x64) AppleWebKit/537.36 (KHTML, like Gecko) Chrome/70.0.3538.102 Safari/537.36 Edge/18.18362","197007","0030831","北海道","01","札幌市白石区","01104","1","1","false","cx-web","2019","11","15"
"ej9pt9ac9g8371697697","2019-11-15 03:40:53.000","Mozilla/5.0 (Windows NT 10.0; Win64; x64) AppleWebKit/537.36 (KHTML, like Gecko) Chrome/78.0.3904.97 Safari/537.36","198501","0030834","北海道","01","札幌市白石区","01104","1","1","false","mbs-web","2019","11","15"
"A258D898-AF6B-4270-9348-BB42BE049348","2019-11-15 18:34:57.000","Mozilla/5.0 (iPhone; CPU iPhone OS 13_1_3 like Mac OS X) AppleWebKit/605.1.15 (KHTML, like Gecko) Mobile/15E148","199911","0030835","北海道","01","札幌市白石区","01104","1","1","false","cx-ios","2019","11","15"
"4FA66299-788D-433B-B1EA-B1C27AA68FD9","2019-11-15 07:00:47.000","Mozilla/5.0 (iPhone; CPU iPhone OS 13_1_3 like Mac OS X) AppleWebKit/605.1.15 (KHTML, like Gecko) Mobile/15E148 TVer/4.5.2 iOS/13.1.3","198509","0030851","北海道","01","札幌市白石区","01104","1","1","false","tver-ios","2019","11","15"
"E1F977BB-1CEB-4FB6-B383-383D2CD636F3","2019-11-15 09:16:18.000","Mozilla/5.0 (iPhone; CPU iPhone OS 13_1_3 like Mac OS X) AppleWebKit/605.1.15 (KHTML, like Gecko) Mobile/15E148 TVer/4.6.0 iOS/13.1.3","197611","0030852","北海道","01","札幌市白石区","01104","1","1","false","tver-ios","2019","11","15"
"xsmlswh2199678992291","2019-11-15 07:34:30.000","Mozilla/5.0 (X11; CrOS x86_64 12607.16.0) AppleWebKit/537.36 (KHTML, like Gecko) Chrome/79.0.3945.24 Safari/537.36","197611","0030852","北海道","01","札幌市白石区","01104","1","1","false","cx-web","2019","11","15"
"70h2h5kenxo168249951","2019-11-15 21:06:56.000","Mozilla/5.0 (Macintosh; Intel Mac OS X 10_13_6) AppleWebKit/605.1.15 (KHTML, like Gecko) Version/11.1.2 Safari/605.1.15","197611","0030852","北海道","01","札幌市白石区","01104","1","1","false","tver-web","2019","11","15"
"f1fe77fe-cb43-4c96-b7e6-b5ac27657756","2019-11-15 07:12:18.000","Dalvik/2.1.0 (Linux; U; Android 9; F-02K Build/V68R043A)","197111","0030864","北海道","01","札幌市白石区","01104","1","1","false","tver-android","2019","11","15"
"2se3858f2o7781872661","2019-11-15 21:38:30.000","Mozilla/5.0 (Windows NT 6.1; WOW64; Trident/7.0; rv:11.0) like Gecko","197204","0030873","北海道","01","札幌市白石区","01104","1","1","false","tver-web","2019","11","15"
"576CCA60-DE35-4C35-805E-DF3D90E81759","2019-11-15 08:21:07.000","Mozilla/5.0 (iPhone; CPU iPhone OS 13_1_3 like Mac OS X) AppleWebKit/605.1.15 (KHTML, like Gecko) Mobile/15E148","199702","0040004","北海道","01","札幌市厚別区","01108","1","1","false","cx-ios","2019","11","15"
"1787A997-5B82-47D7-8296-A9788C36214C","2019-11-15 05:44:28.000","Mozilla/5.0 (iPad; CPU OS 12_4_2 like Mac OS X) AppleWebKit/605.1.15 (KHTML, like Gecko) Mobile/15E148 TVer/4.5.2 iOS/12.4.2","198304","0040014","北海道","01","札幌市厚別区","01108","1","1","false","tver-ios","2019","11","15"
"d3iwiqv1xp3149252738","2019-11-15 07:03:52.000","Mozilla/5.0 (Windows NT 10.0; Win64; x64) AppleWebKit/537.36 (KHTML, like Gecko) Chrome/70.0.3538.102 Safari/537.36 Edge/18.18362","195005","0040014","北海道","01","札幌市厚別区","01108","1","1","false","tver-web","2019","11","15"
"orojb3qkusg235599236","2019-11-15 04:55:09.000","Mozilla/5.0 (Windows NT 10.0; Win64; x64) AppleWebKit/537.36 (KHTML, like Gecko) Chrome/70.0.3538.102 Safari/537.36 Edge/18.18362","195005","0040014","北海道","01","札幌市厚別区","01108","1","1","false","cx-web","2019","11","15"
"422z150i1xc467474388","2019-11-15 01:39:10.000","Mozilla/5.0 (Windows NT 6.1; WOW64; Trident/7.0; rv:11.0) like Gecko","195111","0040031","北海道","01","札幌市厚別区","01108","1","1","false","ytv-web","2019","11","15"
"92e1985a-ec6d-4483-b7fa-3d3daeb6c96c","2019-11-15 23:14:19.000","Dalvik/2.1.0 (Linux; U; Android 9; SCV38 Build/PPR1.180610.011)","200112","0040042","北海道","01","札幌市厚別区","01108","1","1","false","cx-android","2019","11","15"
"56bc94e9-1a5b-42fd-bd8d-9e7f03db1c7e","2019-11-15 06:32:12.000","Dalvik/2.1.0 (Linux; U; Android 9; SO-04K Build/52.0.B.9.263)","196811","0040051","北海道","01","札幌市厚別区","01108","1","1","false","tver-android","2019","11","15"
"ms9k8whhmw0243639132","2019-11-15 01:04:19.000","Mozilla/5.0 (Windows NT 10.0; Win64; x64) AppleWebKit/537.36 (KHTML, like Gecko) Chrome/78.0.3904.97 Safari/537.36","195407","0040052","北海道","01","札幌市厚別区","01108","1","1","false","ex-web","2019","11","15"
"gk2y4r25ibo838344985","2019-11-15 17:35:22.000","Mozilla/5.0 (Windows NT 6.1; WOW64; Trident/7.0; rv:11.0) like Gecko","197402","0040053","北海道","01","札幌市厚別区","01108","1","1","false","ytv-web","2019","11","15"
"jq4ugrz1slw626997798","2019-11-15 06:25:40.000","Mozilla/5.0 (Windows NT 10.0; Win64; x64) AppleWebKit/537.36 (KHTML, like Gecko) Chrome/78.0.3904.97 Safari/537.36","199509","0040061","北海道","01","札幌市厚別区","01108","1","1","false","tver-web","2019","11","15"
